{"cameraMode":{"drawMode":0,"name":"Shaded","section":"Shading Mode"},"sceneLighting":false,"audioPlay":false,"sceneViewState":{"showFog":true,"showMaterialUpdate":false,"showSkybox":true,"showFlares":true,"showImageEffects":true,"showParticleSystems":true},"in2DMode":false,"pivot":{"x":0.00764697790145874,"y":-0.4496021866798401,"z":0.18476897478103639},"rotation":{"x":0.3480027914047241,"y":0.016873570159077646,"z":-0.006264721509069204,"w":0.9373207688331604},"size":4.758472442626953,"orthographic":false}