{"cameraMode":{"drawMode":0,"name":"Shaded","section":"Shading Mode"},"sceneLighting":false,"audioPlay":false,"sceneViewState":{"showFog":true,"showMaterialUpdate":false,"showSkybox":true,"showFlares":true,"showImageEffects":true,"showParticleSystems":true},"in2DMode":false,"pivot":{"x":0.34028100967407229,"y":-0.8368152379989624,"z":-0.01573503017425537},"rotation":{"x":0.3480027914047241,"y":0.016873570159077646,"z":-0.006264721509069204,"w":0.9373207688331604},"size":5.9348225593566898,"orthographic":false}