{"cameraMode":{"drawMode":0,"name":"Shaded","section":"Shading Mode"},"sceneLighting":false,"audioPlay":false,"sceneViewState":{"showFog":true,"showMaterialUpdate":false,"showSkybox":true,"showFlares":true,"showImageEffects":true,"showParticleSystems":true},"in2DMode":false,"pivot":{"x":0.005259990692138672,"y":-1.050330400466919,"z":-0.16975009441375733},"rotation":{"x":0.3480027914047241,"y":0.016873570159077646,"z":-0.006264721509069204,"w":0.9373207688331604},"size":7.462845802307129,"orthographic":false}