{"cameraMode":{"drawMode":0,"name":"Shaded","section":"Shading Mode"},"sceneLighting":false,"audioPlay":false,"sceneViewState":{"showFog":true,"showMaterialUpdate":false,"showSkybox":true,"showFlares":true,"showImageEffects":true,"showParticleSystems":true},"in2DMode":false,"pivot":{"x":0.0,"y":-0.5881741642951965,"z":-0.15829962491989137},"rotation":{"x":0.3480027914047241,"y":0.016873570159077646,"z":-0.006264721509069204,"w":0.9373207688331604},"size":4.904314041137695,"orthographic":false}