{"cameraMode":{"drawMode":0,"name":"Shaded","section":"Shading Mode"},"sceneLighting":false,"audioPlay":false,"sceneViewState":{"showFog":true,"showMaterialUpdate":false,"showSkybox":true,"showFlares":true,"showImageEffects":true,"showParticleSystems":true},"in2DMode":false,"pivot":{"x":29.31239128112793,"y":-54.020931243896487,"z":49.68647003173828},"rotation":{"x":-0.318994402885437,"y":-0.1571149080991745,"z":0.05371188372373581,"w":-0.9330983757972717},"size":94.28852844238281,"orthographic":false}