{"cameraMode":{"drawMode":0,"name":"Shaded","section":"Shading Mode"},"sceneLighting":false,"audioPlay":false,"sceneViewState":{"showFog":true,"showMaterialUpdate":false,"showSkybox":true,"showFlares":true,"showImageEffects":true,"showParticleSystems":true},"in2DMode":false,"pivot":{"x":1.391244888305664,"y":0.5532281398773193,"z":-2.3452835083007814},"rotation":{"x":0.1433742493391037,"y":0.7082768678665161,"z":-0.15052442252635957,"w":0.6746334433555603},"size":8.265010833740235,"orthographic":false}