{"cameraMode":{"drawMode":0,"name":"Shaded","section":"Shading Mode"},"sceneLighting":false,"audioPlay":false,"sceneViewState":{"showFog":true,"showMaterialUpdate":false,"showSkybox":true,"showFlares":true,"showImageEffects":true,"showParticleSystems":true},"in2DMode":false,"pivot":{"x":0.035543665289878848,"y":-0.7731561660766602,"z":-0.3865528106689453},"rotation":{"x":0.0032188312616199257,"y":0.956770658493042,"z":-0.29063281416893008,"w":0.010596606880426407},"size":12.156855583190918,"orthographic":false}