{"cameraMode":{"drawMode":0,"name":"Shaded","section":"Shading Mode"},"sceneLighting":false,"audioPlay":false,"sceneViewState":{"showFog":true,"showMaterialUpdate":false,"showSkybox":true,"showFlares":true,"showImageEffects":true,"showParticleSystems":true},"in2DMode":false,"pivot":{"x":-0.1611703634262085,"y":0.02650262415409088,"z":-0.15660187602043153},"rotation":{"x":-0.03461679443717003,"y":0.9518047571182251,"z":-0.2813442647457123,"w":-0.11711043119430542},"size":3.908947467803955,"orthographic":false}