{"cameraMode":{"drawMode":0,"name":"Shaded","section":"Shading Mode"},"sceneLighting":false,"audioPlay":false,"sceneViewState":{"showFog":true,"showMaterialUpdate":false,"showSkybox":true,"showFlares":true,"showImageEffects":true,"showParticleSystems":true},"in2DMode":false,"pivot":{"x":-0.6857448816299439,"y":-0.08653023838996887,"z":1.26972234249115},"rotation":{"x":0.013557453639805317,"y":0.9856088161468506,"z":-0.13779473304748536,"w":0.09697441756725311},"size":4.041658401489258,"orthographic":false}