{"cameraMode":{"drawMode":0,"name":"Shaded","section":"Shading Mode"},"sceneLighting":false,"audioPlay":false,"sceneViewState":{"showFog":true,"showMaterialUpdate":false,"showSkybox":true,"showFlares":true,"showImageEffects":true,"showParticleSystems":true},"in2DMode":false,"pivot":{"x":31.027320861816408,"y":3.591642379760742,"z":10.498173713684082},"rotation":{"x":-0.016994545236229898,"y":0.6766200065612793,"z":0.015624587424099446,"w":0.7359703779220581},"size":54.45755386352539,"orthographic":false}