{"cameraMode":{"drawMode":0,"name":"Shaded","section":"Shading Mode"},"sceneLighting":false,"audioPlay":false,"sceneViewState":{"showFog":true,"showMaterialUpdate":false,"showSkybox":true,"showFlares":true,"showImageEffects":true,"showParticleSystems":true},"in2DMode":false,"pivot":{"x":-2.7628235816955568,"y":2.2616586685180666,"z":-4.11647891998291},"rotation":{"x":-0.002082240302115679,"y":0.9909027814865112,"z":0.1336759328842163,"w":0.015434491448104382},"size":10.333367347717286,"orthographic":false}