{"cameraMode":{"drawMode":0,"name":"Shaded","section":"Shading Mode"},"sceneLighting":false,"audioPlay":false,"sceneViewState":{"showFog":true,"showMaterialUpdate":false,"showSkybox":true,"showFlares":true,"showImageEffects":true,"showParticleSystems":true},"in2DMode":false,"pivot":{"x":-0.35842007398605349,"y":-15.096235275268555,"z":14.950753211975098},"rotation":{"x":-0.3615000247955322,"y":0.012292793951928616,"z":-0.004766965750604868,"w":-0.9322789311408997},"size":22.0,"orthographic":false}