{"cameraMode":{"drawMode":0,"name":"Shaded","section":"Shading Mode"},"sceneLighting":false,"audioPlay":false,"sceneViewState":{"showFog":true,"showMaterialUpdate":false,"showSkybox":true,"showFlares":true,"showImageEffects":true,"showParticleSystems":true},"in2DMode":false,"pivot":{"x":0.10406925529241562,"y":-18.89495086669922,"z":4.849685192108154},"rotation":{"x":0.619718611240387,"y":0.005667257588356733,"z":-0.004475346766412258,"w":0.7847909331321716},"size":24.02454948425293,"orthographic":false}