{"cameraMode":{"drawMode":0,"name":"Shaded","section":"Shading Mode"},"sceneLighting":false,"audioPlay":false,"sceneViewState":{"showFog":true,"showMaterialUpdate":false,"showSkybox":true,"showFlares":true,"showImageEffects":true,"showParticleSystems":true},"in2DMode":false,"pivot":{"x":-17.681880950927736,"y":-1.3461873531341553,"z":2.1752257347106935},"rotation":{"x":-0.17413966357707978,"y":-0.37908104062080386,"z":0.07286914438009262,"w":-0.9059045314788818},"size":16.560115814208986,"orthographic":false}