{"cameraMode":{"drawMode":0,"name":"Shaded","section":"Shading Mode"},"sceneLighting":false,"audioPlay":false,"sceneViewState":{"showFog":true,"showMaterialUpdate":false,"showSkybox":true,"showFlares":true,"showImageEffects":true,"showParticleSystems":true},"in2DMode":false,"pivot":{"x":74.15585327148438,"y":-36.656307220458987,"z":-0.1546202301979065},"rotation":{"x":-0.13564738631248475,"y":-0.7482934594154358,"z":0.16137920320034028,"w":-0.6289781332015991},"size":93.0079345703125,"orthographic":false}