{"cameraMode":{"drawMode":0,"name":"Shaded","section":"Shading Mode"},"sceneLighting":false,"audioPlay":false,"sceneViewState":{"showFog":true,"showMaterialUpdate":false,"showSkybox":true,"showFlares":true,"showImageEffects":true,"showParticleSystems":true},"in2DMode":false,"pivot":{"x":-0.5435910224914551,"y":-1.6097384691238404,"z":-1.2636754512786866},"rotation":{"x":-0.010290331207215786,"y":0.9413395524024963,"z":-0.3360704183578491,"w":-0.028822271153330804},"size":22.0,"orthographic":false}