{"cameraMode":{"drawMode":0,"name":"Shaded","section":"Shading Mode"},"sceneLighting":false,"audioPlay":false,"sceneViewState":{"showFog":true,"showMaterialUpdate":false,"showSkybox":true,"showFlares":true,"showImageEffects":true,"showParticleSystems":true},"in2DMode":false,"pivot":{"x":0.062033627182245257,"y":-16.22138023376465,"z":1.0765584707260132},"rotation":{"x":-0.6667754054069519,"y":-0.006941902916878462,"z":0.006210714112967253,"w":-0.7452005743980408},"size":19.942903518676759,"orthographic":false}