{"cameraMode":{"drawMode":0,"name":"Shaded","section":"Shading Mode"},"sceneLighting":false,"audioPlay":false,"sceneViewState":{"showFog":true,"showMaterialUpdate":false,"showSkybox":true,"showFlares":true,"showImageEffects":true,"showParticleSystems":true},"in2DMode":false,"pivot":{"x":5.585604667663574,"y":7.88211727142334,"z":-13.108731269836426},"rotation":{"x":-0.018475085496902467,"y":0.973019540309906,"z":0.21410848200321198,"w":0.08396004140377045},"size":22.0,"orthographic":false}