{"cameraMode":{"drawMode":0,"name":"Shaded","section":"Shading Mode"},"sceneLighting":false,"audioPlay":false,"sceneViewState":{"showFog":true,"showMaterialUpdate":false,"showSkybox":true,"showFlares":true,"showImageEffects":true,"showParticleSystems":true},"in2DMode":false,"pivot":{"x":0.4158213436603546,"y":-1.0799343585968018,"z":-0.8197804689407349},"rotation":{"x":-0.01710350438952446,"y":-0.9184659719467163,"z":0.3931041955947876,"w":-0.03996143862605095},"size":22.0,"orthographic":false}