{"cameraMode":{"drawMode":0,"name":"Shaded","section":"Shading Mode"},"sceneLighting":false,"audioPlay":false,"sceneViewState":{"showFog":true,"showMaterialUpdate":false,"showSkybox":true,"showFlares":true,"showImageEffects":true,"showParticleSystems":true},"in2DMode":false,"pivot":{"x":-15.582462310791016,"y":-11.922865867614746,"z":3.4573612213134767},"rotation":{"x":-0.23553214967250825,"y":0.6267601251602173,"z":-0.20694105327129365,"w":-0.7133525013923645},"size":22.0,"orthographic":false}