{"cameraMode":{"drawMode":0,"name":"Shaded","section":"Shading Mode"},"sceneLighting":false,"audioPlay":false,"sceneViewState":{"showFog":true,"showMaterialUpdate":false,"showSkybox":true,"showFlares":true,"showImageEffects":true,"showParticleSystems":true},"in2DMode":false,"pivot":{"x":0.09640007466077805,"y":-0.12908363342285157,"z":0.21029575169086457},"rotation":{"x":0.6844956874847412,"y":0.0019848516676574947,"z":-0.001863089855760336,"w":0.7290118336677551},"size":1.806857705116272,"orthographic":false}