{"cameraMode":{"drawMode":0,"name":"Shaded","section":"Shading Mode"},"sceneLighting":false,"audioPlay":false,"sceneViewState":{"showFog":true,"showMaterialUpdate":false,"showSkybox":true,"showFlares":true,"showImageEffects":true,"showParticleSystems":true},"in2DMode":false,"pivot":{"x":14.879822731018067,"y":-1.8860145807266236,"z":-9.979275703430176},"rotation":{"x":-0.04034161940217018,"y":-0.7474536895751953,"z":0.045582763850688937,"w":-0.6615192890167236},"size":26.186758041381837,"orthographic":false}