{"cameraMode":{"drawMode":0,"name":"Shaded","section":"Shading Mode"},"sceneLighting":false,"audioPlay":false,"sceneViewState":{"showFog":true,"showMaterialUpdate":false,"showSkybox":true,"showFlares":true,"showImageEffects":true,"showParticleSystems":true},"in2DMode":false,"pivot":{"x":-1.055806279182434,"y":1.6981446743011475,"z":-1.0176335573196412},"rotation":{"x":-0.030734075233340265,"y":0.9605691432952881,"z":-0.24978746473789216,"w":-0.11818881332874298},"size":9.739668846130371,"orthographic":false}