{"cameraMode":{"drawMode":0,"name":"Shaded","section":"Shading Mode"},"sceneLighting":false,"audioPlay":false,"sceneViewState":{"showFog":true,"showMaterialUpdate":false,"showSkybox":true,"showFlares":true,"showImageEffects":true,"showParticleSystems":true},"in2DMode":false,"pivot":{"x":0.7738385200500488,"y":-12.242354393005371,"z":-9.788991928100586},"rotation":{"x":0.002053546719253063,"y":0.9245502352714539,"z":-0.381022185087204,"w":0.0049836779944598679},"size":32.213226318359378,"orthographic":false}