{"cameraMode":{"drawMode":0,"name":"Shaded","section":"Shading Mode"},"sceneLighting":false,"audioPlay":false,"sceneViewState":{"showFog":true,"showMaterialUpdate":false,"showSkybox":true,"showFlares":true,"showImageEffects":true,"showParticleSystems":true},"in2DMode":false,"pivot":{"x":-6.553511142730713,"y":-1.7545981407165528,"z":-9.228944778442383},"rotation":{"x":0.1306801438331604,"y":0.8684861660003662,"z":-0.3579172194004059,"w":0.31709596514701846},"size":8.46700382232666,"orthographic":false}