{"cameraMode":{"drawMode":0,"name":"Shaded","section":"Shading Mode"},"sceneLighting":false,"audioPlay":false,"sceneViewState":{"showFog":true,"showMaterialUpdate":false,"showSkybox":true,"showFlares":true,"showImageEffects":true,"showParticleSystems":true},"in2DMode":false,"pivot":{"x":-2.8061180114746095,"y":-6.998478412628174,"z":-2.4051589965820314},"rotation":{"x":-0.11781329661607743,"y":0.8431090116500855,"z":-0.4826279580593109,"w":-0.20580944418907166},"size":22.0,"orthographic":false}