{"cameraMode":{"drawMode":0,"name":"Shaded","section":"Shading Mode"},"sceneLighting":false,"audioPlay":false,"sceneViewState":{"showFog":true,"showMaterialUpdate":false,"showSkybox":true,"showFlares":true,"showImageEffects":true,"showParticleSystems":true},"in2DMode":false,"pivot":{"x":-0.04254627600312233,"y":0.5789678692817688,"z":0.506401002407074},"rotation":{"x":-0.636061429977417,"y":0.006701342761516571,"z":-0.0055247205309569839,"w":-0.7715895771980286},"size":2.1447460651397707,"orthographic":false}