{"cameraMode":{"drawMode":0,"name":"Shaded","section":"Shading Mode"},"sceneLighting":false,"audioPlay":false,"sceneViewState":{"showFog":true,"showMaterialUpdate":false,"showSkybox":true,"showFlares":true,"showImageEffects":true,"showParticleSystems":true},"in2DMode":false,"pivot":{"x":13.22793197631836,"y":-54.07655334472656,"z":39.694881439208987},"rotation":{"x":-0.4340985417366028,"y":-0.03540191054344177,"z":0.017075292766094209,"w":-0.9000075459480286},"size":80.53431701660156,"orthographic":false}