{"cameraMode":{"drawMode":0,"name":"Shaded","section":"Shading Mode"},"sceneLighting":false,"audioPlay":false,"sceneViewState":{"showFog":true,"showMaterialUpdate":false,"showSkybox":true,"showFlares":true,"showImageEffects":true,"showParticleSystems":true},"in2DMode":false,"pivot":{"x":-0.19949999451637269,"y":0.0,"z":0.22699999809265138},"rotation":{"x":0.26296648383140566,"y":0.046020396053791049,"z":-0.012558774091303349,"w":0.9636249542236328},"size":0.9972840547561646,"orthographic":false}