{"cameraMode":{"drawMode":0,"name":"Shaded","section":"Shading Mode"},"sceneLighting":false,"audioPlay":false,"sceneViewState":{"showFog":true,"showMaterialUpdate":false,"showSkybox":true,"showFlares":true,"showImageEffects":true,"showParticleSystems":true},"in2DMode":false,"pivot":{"x":0.42094871401786806,"y":0.25118622183799746,"z":-0.2052687555551529},"rotation":{"x":0.6678728461265564,"y":-0.009136945940554142,"z":0.008200674317777157,"w":0.7441741824150086},"size":5.1846771240234379,"orthographic":false}