{"cameraMode":{"drawMode":0,"name":"Shaded","section":"Shading Mode"},"sceneLighting":false,"audioPlay":false,"sceneViewState":{"showFog":true,"showMaterialUpdate":false,"showSkybox":true,"showFlares":true,"showImageEffects":true,"showParticleSystems":true},"in2DMode":false,"pivot":{"x":2.062340021133423,"y":4.989850997924805,"z":-9.501445770263672},"rotation":{"x":0.39484620094299319,"y":0.005255851894617081,"z":-0.0022593324538320305,"w":0.9187294840812683},"size":5.472431182861328,"orthographic":false}