{"cameraMode":{"drawMode":0,"name":"Shaded","section":"Shading Mode"},"sceneLighting":false,"audioPlay":false,"sceneViewState":{"showFog":true,"showMaterialUpdate":false,"showSkybox":true,"showFlares":true,"showImageEffects":true,"showParticleSystems":true},"in2DMode":false,"pivot":{"x":5.91055154800415,"y":-19.938201904296876,"z":28.21797752380371},"rotation":{"x":-0.2983006536960602,"y":-0.07607639580965042,"z":0.023859478533267976,"w":-0.95113605260849},"size":80.06359100341797,"orthographic":false}