{"cameraMode":{"drawMode":0,"name":"Shaded","section":"Shading Mode"},"sceneLighting":false,"audioPlay":false,"sceneViewState":{"showFog":true,"showMaterialUpdate":false,"showSkybox":true,"showFlares":true,"showImageEffects":true,"showParticleSystems":true},"in2DMode":false,"pivot":{"x":-0.18245792388916017,"y":0.18543741106987,"z":0.02680380642414093},"rotation":{"x":-0.02612302079796791,"y":0.9445021748542786,"z":-0.3181494176387787,"w":-0.07755197584629059},"size":4.443723678588867,"orthographic":false}