{"cameraMode":{"drawMode":0,"name":"Shaded","section":"Shading Mode"},"sceneLighting":false,"audioPlay":false,"sceneViewState":{"showFog":true,"showMaterialUpdate":false,"showSkybox":true,"showFlares":true,"showImageEffects":true,"showParticleSystems":true},"in2DMode":false,"pivot":{"x":-1.8863016366958619,"y":-60.5699462890625,"z":-37.8250846862793},"rotation":{"x":-0.009648188017308712,"y":-0.843696117401123,"z":0.5365198254585266,"w":-0.015172610990703106},"size":93.01605224609375,"orthographic":false}