{"cameraMode":{"drawMode":0,"name":"Shaded","section":"Shading Mode"},"sceneLighting":false,"audioPlay":false,"sceneViewState":{"showFog":true,"showMaterialUpdate":false,"showSkybox":true,"showFlares":true,"showImageEffects":true,"showParticleSystems":true},"in2DMode":false,"pivot":{"x":14.797736167907715,"y":-44.00698471069336,"z":5.442359924316406},"rotation":{"x":-0.5380564332008362,"y":-0.26786166429519656,"z":0.18538913130760194,"w":-0.777416467666626},"size":79.339111328125,"orthographic":false}