{"cameraMode":{"drawMode":0,"name":"Shaded","section":"Shading Mode"},"sceneLighting":false,"audioPlay":false,"sceneViewState":{"showFog":true,"showMaterialUpdate":false,"showSkybox":true,"showFlares":true,"showImageEffects":true,"showParticleSystems":true},"in2DMode":false,"pivot":{"x":4.260672569274902,"y":-1.4876360893249512,"z":0.46021556854248049},"rotation":{"x":0.0580725260078907,"y":0.3639075458049774,"z":-0.02273961529135704,"w":0.929344892501831},"size":10.215847969055176,"orthographic":false}