{"cameraMode":{"drawMode":0,"name":"Shaded","section":"Shading Mode"},"sceneLighting":false,"audioPlay":false,"sceneViewState":{"showFog":true,"showMaterialUpdate":false,"showSkybox":true,"showFlares":true,"showImageEffects":true,"showParticleSystems":true},"in2DMode":false,"pivot":{"x":0.20977911353111268,"y":4.923130989074707,"z":-0.7571557760238648},"rotation":{"x":0.6509345173835754,"y":-0.011596131138503552,"z":0.009945880621671677,"w":0.7589802145957947},"size":2.0342564582824709,"orthographic":false}