{"cameraMode":{"drawMode":0,"name":"Shaded","section":"Shading Mode"},"sceneLighting":false,"audioPlay":false,"sceneViewState":{"showFog":true,"showMaterialUpdate":false,"showSkybox":true,"showFlares":true,"showImageEffects":true,"showParticleSystems":true},"in2DMode":false,"pivot":{"x":-0.8392822742462158,"y":0.5215257406234741,"z":-0.08924659341573715},"rotation":{"x":0.037139661610126498,"y":0.9382463097572327,"z":-0.32705095410346987,"w":0.10654682666063309},"size":13.882140159606934,"orthographic":false}