{"cameraMode":{"drawMode":0,"name":"Shaded","section":"Shading Mode"},"sceneLighting":false,"audioPlay":false,"sceneViewState":{"showFog":true,"showMaterialUpdate":false,"showSkybox":true,"showFlares":true,"showImageEffects":true,"showParticleSystems":true},"in2DMode":false,"pivot":{"x":0.611941933631897,"y":-13.955633163452149,"z":-11.22452163696289},"rotation":{"x":0.009138045832514763,"y":0.9056424498558044,"z":-0.4234929084777832,"w":0.019542209804058076},"size":22.0,"orthographic":false}