{"cameraMode":{"drawMode":0,"name":"Shaded","section":"Shading Mode"},"sceneLighting":false,"audioPlay":false,"sceneViewState":{"showFog":true,"showMaterialUpdate":false,"showSkybox":true,"showFlares":true,"showImageEffects":true,"showParticleSystems":true},"in2DMode":false,"pivot":{"x":1.5743653774261475,"y":-13.586430549621582,"z":1.0630264282226563},"rotation":{"x":-0.5147842764854431,"y":-0.019556185230612756,"z":0.011746371164917946,"w":-0.8570161461830139},"size":40.97372817993164,"orthographic":false}