{"cameraMode":{"drawMode":0,"name":"Shaded","section":"Shading Mode"},"sceneLighting":false,"audioPlay":false,"sceneViewState":{"showFog":true,"showMaterialUpdate":false,"showSkybox":true,"showFlares":true,"showImageEffects":true,"showParticleSystems":true},"in2DMode":false,"pivot":{"x":-0.4860626459121704,"y":-0.6363216638565064,"z":0.3435940742492676},"rotation":{"x":0.03781712427735329,"y":0.9267446994781494,"z":-0.36095231771469118,"w":0.09709621965885163},"size":6.656007289886475,"orthographic":false}