{"cameraMode":{"drawMode":0,"name":"Shaded","section":"Shading Mode"},"sceneLighting":false,"audioPlay":false,"sceneViewState":{"showFog":true,"showMaterialUpdate":false,"showSkybox":true,"showFlares":true,"showImageEffects":true,"showParticleSystems":true},"in2DMode":false,"pivot":{"x":-0.009156462736427784,"y":-0.40937539935112,"z":-0.1440272182226181},"rotation":{"x":-0.7079683542251587,"y":-0.0171656534075737,"z":0.017217261716723443,"w":-0.7058255672454834},"size":2.3929550647735597,"orthographic":false}