{"cameraMode":{"drawMode":0,"name":"Shaded","section":"Shading Mode"},"sceneLighting":false,"audioPlay":false,"sceneViewState":{"showFog":true,"showMaterialUpdate":false,"showSkybox":true,"showFlares":true,"showImageEffects":true,"showParticleSystems":true},"in2DMode":false,"pivot":{"x":-1.2303612232208253,"y":2.4176230430603029,"z":1.5543081760406495},"rotation":{"x":0.041181474924087527,"y":0.880352795124054,"z":-0.46608224511146548,"w":0.07778503745794296},"size":14.614280700683594,"orthographic":false}