{"cameraMode":{"drawMode":0,"name":"Shaded","section":"Shading Mode"},"sceneLighting":false,"audioPlay":false,"sceneViewState":{"showFog":true,"showMaterialUpdate":false,"showSkybox":true,"showFlares":true,"showImageEffects":true,"showParticleSystems":true},"in2DMode":false,"pivot":{"x":1.4842579364776612,"y":-46.82540512084961,"z":11.58449935913086},"rotation":{"x":-0.4718283712863922,"y":0.011624528095126152,"z":-0.006221611984074116,"w":-0.8815918564796448},"size":80.6194076538086,"orthographic":false}