{"cameraMode":{"drawMode":0,"name":"Shaded","section":"Shading Mode"},"sceneLighting":false,"audioPlay":false,"sceneViewState":{"showFog":true,"showMaterialUpdate":false,"showSkybox":true,"showFlares":true,"showImageEffects":true,"showParticleSystems":true},"in2DMode":false,"pivot":{"x":0.033097825944423679,"y":-0.01622915267944336,"z":0.45874813199043276},"rotation":{"x":-0.6589148044586182,"y":-0.007006684318184853,"z":0.0061375536024570469,"w":-0.7521599531173706},"size":2.9026873111724855,"orthographic":false}