{"cameraMode":{"drawMode":0,"name":"Shaded","section":"Shading Mode"},"sceneLighting":false,"audioPlay":false,"sceneViewState":{"showFog":true,"showMaterialUpdate":false,"showSkybox":true,"showFlares":true,"showImageEffects":true,"showParticleSystems":true},"in2DMode":false,"pivot":{"x":-1.8737200498580933,"y":-119.41766357421875,"z":38.79086685180664},"rotation":{"x":-0.6721595525741577,"y":0.11893623322248459,"z":-0.11067082732915878,"w":-0.7223625779151917},"size":156.88880920410157,"orthographic":false}