{"cameraMode":{"drawMode":0,"name":"Shaded","section":"Shading Mode"},"sceneLighting":false,"audioPlay":false,"sceneViewState":{"showFog":true,"showMaterialUpdate":false,"showSkybox":true,"showFlares":true,"showImageEffects":true,"showParticleSystems":true},"in2DMode":false,"pivot":{"x":0.0446166917681694,"y":1.0863313674926758,"z":0.42562034726142886},"rotation":{"x":-0.7271983027458191,"y":0.07027652114629746,"z":-0.0753038078546524,"w":-0.6786555051803589},"size":2.0342564582824709,"orthographic":false}