{"cameraMode":{"drawMode":0,"name":"Shaded","section":"Shading Mode"},"sceneLighting":false,"audioPlay":false,"sceneViewState":{"showFog":true,"showMaterialUpdate":false,"showSkybox":true,"showFlares":true,"showImageEffects":true,"showParticleSystems":true},"in2DMode":false,"pivot":{"x":-4.686972618103027,"y":-11.210741996765137,"z":-1.8996962308883668},"rotation":{"x":-0.4498853385448456,"y":0.4228508770465851,"z":-0.2557210922241211,"w":-0.7439133524894714},"size":22.25971794128418,"orthographic":false}