{"cameraMode":{"drawMode":0,"name":"Shaded","section":"Shading Mode"},"sceneLighting":false,"audioPlay":false,"sceneViewState":{"showFog":true,"showMaterialUpdate":false,"showSkybox":true,"showFlares":true,"showImageEffects":true,"showParticleSystems":true},"in2DMode":false,"pivot":{"x":-1.7882602214813233,"y":1.0178416967391968,"z":-1.837424635887146},"rotation":{"x":-0.24629855155944825,"y":-0.7294898629188538,"z":0.5471161603927612,"w":-0.32839837670326235},"size":4.410039901733398,"orthographic":false}