{"cameraMode":{"drawMode":0,"name":"Shaded","section":"Shading Mode"},"sceneLighting":false,"audioPlay":false,"sceneViewState":{"showFog":true,"showMaterialUpdate":false,"showSkybox":true,"showFlares":true,"showImageEffects":true,"showParticleSystems":true},"in2DMode":false,"pivot":{"x":7.827996253967285,"y":2.9616317749023439,"z":10.836431503295899},"rotation":{"x":0.0671943724155426,"y":0.8197921514511108,"z":-0.5601378679275513,"w":0.09834307432174683},"size":20.65806007385254,"orthographic":false}