{"cameraMode":{"drawMode":0,"name":"Shaded","section":"Shading Mode"},"sceneLighting":false,"audioPlay":false,"sceneViewState":{"showFog":true,"showMaterialUpdate":false,"showSkybox":true,"showFlares":true,"showImageEffects":true,"showParticleSystems":true},"in2DMode":false,"pivot":{"x":-0.28901779651641848,"y":-1.6353105306625367,"z":1.63497793674469},"rotation":{"x":-0.33548831939697268,"y":0.1361059546470642,"z":-0.04905347526073456,"w":-0.9308687448501587},"size":3.6580915451049806,"orthographic":false}