{"cameraMode":{"drawMode":0,"name":"Shaded","section":"Shading Mode"},"sceneLighting":false,"audioPlay":false,"sceneViewState":{"showFog":true,"showMaterialUpdate":false,"showSkybox":true,"showFlares":true,"showImageEffects":true,"showParticleSystems":true},"in2DMode":false,"pivot":{"x":0.19981765747070313,"y":0.5915498733520508,"z":8.815666198730469},"rotation":{"x":-0.21346402168273927,"y":0.634842574596405,"z":-0.18868911266326905,"w":-0.718195378780365},"size":22.0,"orthographic":false}