{"cameraMode":{"drawMode":0,"name":"Shaded","section":"Shading Mode"},"sceneLighting":false,"audioPlay":false,"sceneViewState":{"showFog":true,"showMaterialUpdate":false,"showSkybox":true,"showFlares":true,"showImageEffects":true,"showParticleSystems":true},"in2DMode":false,"pivot":{"x":2.293494939804077,"y":0.6163806319236755,"z":0.7532692551612854},"rotation":{"x":0.06397828459739685,"y":-0.8980082273483276,"z":0.13931091129779817,"w":0.41240835189819338},"size":3.5487279891967775,"orthographic":false}