{"cameraMode":{"drawMode":0,"name":"Shaded","section":"Shading Mode"},"sceneLighting":false,"audioPlay":false,"sceneViewState":{"showFog":true,"showMaterialUpdate":false,"showSkybox":true,"showFlares":true,"showImageEffects":true,"showParticleSystems":true},"in2DMode":false,"pivot":{"x":0.005509643815457821,"y":0.20997264981269837,"z":-0.31426072120666506},"rotation":{"x":-0.394768089056015,"y":-0.01958148367702961,"z":0.008415327407419682,"w":-0.9185335636138916},"size":0.45726144313812258,"orthographic":false}