{"cameraMode":{"drawMode":0,"name":"Shaded","section":"Shading Mode"},"sceneLighting":false,"audioPlay":false,"sceneViewState":{"showFog":true,"showMaterialUpdate":false,"showSkybox":true,"showFlares":true,"showImageEffects":true,"showParticleSystems":true},"in2DMode":false,"pivot":{"x":-0.6301748752593994,"y":-0.9140667915344238,"z":0.34495341777801516},"rotation":{"x":0.3056172728538513,"y":0.6930222511291504,"z":-0.4348825514316559,"w":0.48702722787857058},"size":4.793510437011719,"orthographic":false}