{"cameraMode":{"drawMode":0,"name":"Shaded","section":"Shading Mode"},"sceneLighting":false,"audioPlay":false,"sceneViewState":{"showFog":true,"showMaterialUpdate":false,"showSkybox":true,"showFlares":true,"showImageEffects":true,"showParticleSystems":true},"in2DMode":false,"pivot":{"x":7.642178535461426,"y":2.608402967453003,"z":11.283687591552735},"rotation":{"x":-0.01360245794057846,"y":0.9509595036506653,"z":-0.04225673899054527,"w":-0.3061135709285736},"size":5.472431182861328,"orthographic":false}