{"cameraMode":{"drawMode":0,"name":"Shaded","section":"Shading Mode"},"sceneLighting":false,"audioPlay":false,"sceneViewState":{"showFog":true,"showMaterialUpdate":false,"showSkybox":true,"showFlares":true,"showImageEffects":true,"showParticleSystems":true},"in2DMode":false,"pivot":{"x":0.02155202440917492,"y":-0.4399188756942749,"z":0.0005533695220947266},"rotation":{"x":-0.5629134178161621,"y":-0.003979688975960016,"z":0.0027100462466478349,"w":-0.8265018463134766},"size":2.3929550647735597,"orthographic":false}