{"cameraMode":{"drawMode":0,"name":"Shaded","section":"Shading Mode"},"sceneLighting":false,"audioPlay":false,"sceneViewState":{"showFog":true,"showMaterialUpdate":false,"showSkybox":true,"showFlares":true,"showImageEffects":true,"showParticleSystems":true},"in2DMode":false,"pivot":{"x":-0.024540651589632036,"y":-15.55434513092041,"z":2.3693788051605226},"rotation":{"x":-0.6532823443412781,"y":0.0008970309281721711,"z":-0.0007746212068013847,"w":-0.757113516330719},"size":22.0,"orthographic":false}