{"cameraMode":{"drawMode":0,"name":"Shaded","section":"Shading Mode"},"sceneLighting":false,"audioPlay":false,"sceneViewState":{"showFog":true,"showMaterialUpdate":false,"showSkybox":true,"showFlares":true,"showImageEffects":true,"showParticleSystems":true},"in2DMode":false,"pivot":{"x":0.1287398338317871,"y":-0.3282136917114258,"z":-0.19338321685791017},"rotation":{"x":0.2833569347858429,"y":0.6666093468666077,"z":-0.3056456744670868,"w":0.6179980039596558},"size":7.018471717834473,"orthographic":false}