{"cameraMode":{"drawMode":0,"name":"Shaded","section":"Shading Mode"},"sceneLighting":false,"audioPlay":false,"sceneViewState":{"showFog":true,"showMaterialUpdate":false,"showSkybox":true,"showFlares":true,"showImageEffects":true,"showParticleSystems":true},"in2DMode":false,"pivot":{"x":1.5259284973144532,"y":0.4368245601654053,"z":2.4100427627563478},"rotation":{"x":-0.08131574839353562,"y":-0.06750118732452393,"z":-0.005519953556358814,"w":0.9943846464157105},"size":5.772341251373291,"orthographic":false}