{"cameraMode":{"drawMode":0,"name":"Shaded","section":"Shading Mode"},"sceneLighting":false,"audioPlay":false,"sceneViewState":{"showFog":true,"showMaterialUpdate":false,"showSkybox":true,"showFlares":true,"showImageEffects":true,"showParticleSystems":true},"in2DMode":false,"pivot":{"x":0.09331755340099335,"y":-17.417156219482423,"z":1.6860917806625367},"rotation":{"x":-0.6622821688652039,"y":-0.00810281652957201,"z":0.007162382826209068,"w":-0.749176561832428},"size":22.0,"orthographic":false}