{"cameraMode":{"drawMode":0,"name":"Shaded","section":"Shading Mode"},"sceneLighting":false,"audioPlay":false,"sceneViewState":{"showFog":true,"showMaterialUpdate":false,"showSkybox":true,"showFlares":true,"showImageEffects":true,"showParticleSystems":true},"in2DMode":false,"pivot":{"x":-2.4823427200317385,"y":2.7491493225097658,"z":8.747026443481446},"rotation":{"x":0.06457780301570893,"y":0.8829072713851929,"z":-0.44727465510368349,"w":0.1274753212928772},"size":54.71900177001953,"orthographic":false}