{"cameraMode":{"drawMode":0,"name":"Shaded","section":"Shading Mode"},"sceneLighting":false,"audioPlay":false,"sceneViewState":{"showFog":true,"showMaterialUpdate":false,"showSkybox":true,"showFlares":true,"showImageEffects":true,"showParticleSystems":true},"in2DMode":false,"pivot":{"x":0.21334022283554078,"y":-0.5949829816818237,"z":3.43766188621521},"rotation":{"x":-0.06217249482870102,"y":0.07863585650920868,"z":-0.004913630895316601,"w":-0.9949506521224976},"size":4.8698344230651859,"orthographic":false}