{"cameraMode":{"drawMode":0,"name":"Shaded","section":"Shading Mode"},"sceneLighting":false,"audioPlay":false,"sceneViewState":{"showFog":true,"showMaterialUpdate":false,"showSkybox":true,"showFlares":true,"showImageEffects":true,"showParticleSystems":true},"in2DMode":false,"pivot":{"x":-2.770369052886963,"y":-12.832087516784668,"z":-12.019411087036133},"rotation":{"x":-0.04622100666165352,"y":0.9151155948638916,"z":-0.38518673181533816,"w":-0.1098102554678917},"size":22.0,"orthographic":false}