{"cameraMode":{"drawMode":0,"name":"Shaded","section":"Shading Mode"},"sceneLighting":false,"audioPlay":false,"sceneViewState":{"showFog":true,"showMaterialUpdate":false,"showSkybox":true,"showFlares":true,"showImageEffects":true,"showParticleSystems":true},"in2DMode":false,"pivot":{"x":-3.400805711746216,"y":-0.775360643863678,"z":-4.488412857055664},"rotation":{"x":0.0034816621337085964,"y":-0.8636280298233032,"z":0.005965040065348148,"w":0.5040823817253113},"size":22.0,"orthographic":false}