{"cameraMode":{"drawMode":0,"name":"Shaded","section":"Shading Mode"},"sceneLighting":false,"audioPlay":false,"sceneViewState":{"showFog":true,"showMaterialUpdate":false,"showSkybox":true,"showFlares":true,"showImageEffects":true,"showParticleSystems":true},"in2DMode":false,"pivot":{"x":8.668112754821778,"y":-56.81064224243164,"z":37.53836441040039},"rotation":{"x":-0.45907557010650637,"y":-0.10905113816261292,"z":0.05689919739961624,"w":-0.8798408508300781},"size":112.88584899902344,"orthographic":false}