{"cameraMode":{"drawMode":0,"name":"Shaded","section":"Shading Mode"},"sceneLighting":false,"audioPlay":false,"sceneViewState":{"showFog":true,"showMaterialUpdate":false,"showSkybox":true,"showFlares":true,"showImageEffects":true,"showParticleSystems":true},"in2DMode":false,"pivot":{"x":-15.244905471801758,"y":-10.857221603393555,"z":-0.05330515652894974},"rotation":{"x":-0.19233950972557069,"y":0.6662928462028503,"z":-0.18397930264472962,"w":-0.6965709328651428},"size":22.0,"orthographic":false}