{"cameraMode":{"drawMode":0,"name":"Shaded","section":"Shading Mode"},"sceneLighting":false,"audioPlay":false,"sceneViewState":{"showFog":true,"showMaterialUpdate":false,"showSkybox":true,"showFlares":true,"showImageEffects":true,"showParticleSystems":true},"in2DMode":false,"pivot":{"x":-0.007479429244995117,"y":-2.3341856002807619,"z":-3.700201988220215},"rotation":{"x":-0.030846554785966874,"y":0.8852822184562683,"z":-0.46022075414657595,"w":-0.05933648347854614},"size":22.0,"orthographic":false}