{"cameraMode":{"drawMode":0,"name":"Shaded","section":"Shading Mode"},"sceneLighting":false,"audioPlay":false,"sceneViewState":{"showFog":true,"showMaterialUpdate":false,"showSkybox":true,"showFlares":true,"showImageEffects":true,"showParticleSystems":true},"in2DMode":false,"pivot":{"x":1.7001234292984009,"y":3.8014087677001955,"z":-18.115888595581056},"rotation":{"x":-0.003884949954226613,"y":0.9956185221672058,"z":0.07991347461938858,"w":0.04840029403567314},"size":22.0,"orthographic":false}