{"cameraMode":{"drawMode":0,"name":"Shaded","section":"Shading Mode"},"sceneLighting":false,"audioPlay":false,"sceneViewState":{"showFog":true,"showMaterialUpdate":false,"showSkybox":true,"showFlares":true,"showImageEffects":true,"showParticleSystems":true},"in2DMode":false,"pivot":{"x":-4.82906436920166,"y":-4.124396324157715,"z":-4.491462707519531},"rotation":{"x":-0.19366726279258729,"y":0.7972317337989807,"z":-0.33135274052619936,"w":-0.46596139669418337},"size":18.621112823486329,"orthographic":false}