{"cameraMode":{"drawMode":0,"name":"Shaded","section":"Shading Mode"},"sceneLighting":false,"audioPlay":false,"sceneViewState":{"showFog":true,"showMaterialUpdate":false,"showSkybox":true,"showFlares":true,"showImageEffects":true,"showParticleSystems":true},"in2DMode":false,"pivot":{"x":1.1054526567459107,"y":-11.83273983001709,"z":-11.0894775390625},"rotation":{"x":0.007179847452789545,"y":0.9221022129058838,"z":-0.38650035858154299,"w":0.01712978072464466},"size":22.0,"orthographic":false}