{"cameraMode":{"drawMode":0,"name":"Shaded","section":"Shading Mode"},"sceneLighting":false,"audioPlay":false,"sceneViewState":{"showFog":true,"showMaterialUpdate":false,"showSkybox":true,"showFlares":true,"showImageEffects":true,"showParticleSystems":true},"in2DMode":false,"pivot":{"x":-0.7659339308738709,"y":-2.4202194213867189,"z":4.1302170753479},"rotation":{"x":0.024616075679659845,"y":0.8429456353187561,"z":-0.5360395312309265,"w":0.0387103445827961},"size":29.697057723999025,"orthographic":false}