{"cameraMode":{"drawMode":0,"name":"Shaded","section":"Shading Mode"},"sceneLighting":false,"audioPlay":false,"sceneViewState":{"showFog":true,"showMaterialUpdate":false,"showSkybox":true,"showFlares":true,"showImageEffects":true,"showParticleSystems":true},"in2DMode":false,"pivot":{"x":0.8790842294692993,"y":-78.61969757080078,"z":26.292261123657228},"rotation":{"x":-0.5553104877471924,"y":-0.018970008939504625,"z":0.012671084143221379,"w":-0.8313301801681519},"size":94.2454833984375,"orthographic":false}