{"cameraMode":{"drawMode":0,"name":"Shaded","section":"Shading Mode"},"sceneLighting":false,"audioPlay":false,"sceneViewState":{"showFog":true,"showMaterialUpdate":false,"showSkybox":true,"showFlares":true,"showImageEffects":true,"showParticleSystems":true},"in2DMode":false,"pivot":{"x":-0.7970923185348511,"y":-0.13811397552490235,"z":-0.6139881610870361},"rotation":{"x":-0.044959697872400287,"y":0.8776589632034302,"z":-0.46971938014030459,"w":-0.08400578796863556},"size":4.4595537185668949,"orthographic":false}