{"cameraMode":{"drawMode":0,"name":"Shaded","section":"Shading Mode"},"sceneLighting":false,"audioPlay":false,"sceneViewState":{"showFog":true,"showMaterialUpdate":false,"showSkybox":true,"showFlares":true,"showImageEffects":true,"showParticleSystems":true},"in2DMode":false,"pivot":{"x":-0.002107014413923025,"y":-0.3792068362236023,"z":-0.06632084399461746},"rotation":{"x":0.6649234890937805,"y":0.16397623717784882,"z":-0.1530398428440094,"w":0.712437629699707},"size":1.8290457725524903,"orthographic":false}