{"cameraMode":{"drawMode":0,"name":"Shaded","section":"Shading Mode"},"sceneLighting":false,"audioPlay":false,"sceneViewState":{"showFog":true,"showMaterialUpdate":false,"showSkybox":true,"showFlares":true,"showImageEffects":true,"showParticleSystems":true},"in2DMode":false,"pivot":{"x":-4.2454447746276859,"y":-4.0431365966796879,"z":-17.02788734436035},"rotation":{"x":-0.009675388224422932,"y":0.9900720119476318,"z":-0.10975661128759384,"w":-0.08727719634771347},"size":22.0,"orthographic":false}