{"cameraMode":{"drawMode":0,"name":"Shaded","section":"Shading Mode"},"sceneLighting":false,"audioPlay":false,"sceneViewState":{"showFog":true,"showMaterialUpdate":false,"showSkybox":true,"showFlares":true,"showImageEffects":true,"showParticleSystems":true},"in2DMode":false,"pivot":{"x":-1.7308266162872315,"y":-4.827429294586182,"z":16.482181549072267},"rotation":{"x":-0.13531704246997834,"y":0.049886055290699008,"z":-0.006821651477366686,"w":-0.9895222187042236},"size":22.0,"orthographic":false}