{"cameraMode":{"drawMode":0,"name":"Shaded","section":"Shading Mode"},"sceneLighting":false,"audioPlay":false,"sceneViewState":{"showFog":true,"showMaterialUpdate":false,"showSkybox":true,"showFlares":true,"showImageEffects":true,"showParticleSystems":true},"in2DMode":false,"pivot":{"x":16.823448181152345,"y":2.0980257987976076,"z":-7.159984588623047},"rotation":{"x":0.03571440652012825,"y":0.9583327174186707,"z":-0.13838176429271699,"w":0.2473323494195938},"size":28.188873291015626,"orthographic":false}