{"cameraMode":{"drawMode":0,"name":"Shaded","section":"Shading Mode"},"sceneLighting":false,"audioPlay":false,"sceneViewState":{"showFog":true,"showMaterialUpdate":false,"showSkybox":true,"showFlares":true,"showImageEffects":true,"showParticleSystems":true},"in2DMode":false,"pivot":{"x":0.8248860239982605,"y":1.1912498474121094,"z":1.7838518619537354},"rotation":{"x":0.011088721454143525,"y":0.9724252820014954,"z":-0.22810378670692445,"w":0.04727263003587723},"size":0.9972840547561646,"orthographic":false}