{"cameraMode":{"drawMode":0,"name":"Shaded","section":"Shading Mode"},"sceneLighting":false,"audioPlay":false,"sceneViewState":{"showFog":true,"showMaterialUpdate":false,"showSkybox":true,"showFlares":true,"showImageEffects":true,"showParticleSystems":true},"in2DMode":false,"pivot":{"x":1.2111644744873047,"y":0.9111063480377197,"z":1.4478332996368409},"rotation":{"x":0.23832763731479646,"y":0.27763259410858157,"z":-0.07130742073059082,"w":0.9279199242591858},"size":6.438231468200684,"orthographic":false}