{"cameraMode":{"drawMode":0,"name":"Shaded","section":"Shading Mode"},"sceneLighting":false,"audioPlay":false,"sceneViewState":{"showFog":true,"showMaterialUpdate":false,"showSkybox":true,"showFlares":true,"showImageEffects":true,"showParticleSystems":true},"in2DMode":false,"pivot":{"x":-9.656776428222657,"y":-10.854524612426758,"z":-10.401444435119629},"rotation":{"x":-0.12250518798828125,"y":0.8740922212600708,"z":-0.2886044383049011,"w":-0.37102946639060976},"size":22.0,"orthographic":false}