{"cameraMode":{"drawMode":0,"name":"Shaded","section":"Shading Mode"},"sceneLighting":false,"audioPlay":false,"sceneViewState":{"showFog":true,"showMaterialUpdate":false,"showSkybox":true,"showFlares":true,"showImageEffects":true,"showParticleSystems":true},"in2DMode":false,"pivot":{"x":12.760152816772461,"y":-11.892888069152832,"z":1.5808498859405518},"rotation":{"x":0.2761601507663727,"y":0.5762763023376465,"z":-0.21553608775138856,"w":0.7383667826652527},"size":22.0,"orthographic":false}