{"cameraMode":{"drawMode":0,"name":"Shaded","section":"Shading Mode"},"sceneLighting":false,"audioPlay":false,"sceneViewState":{"showFog":true,"showMaterialUpdate":false,"showSkybox":true,"showFlares":true,"showImageEffects":true,"showParticleSystems":true},"in2DMode":false,"pivot":{"x":-0.41211384534835818,"y":-9.786606788635254,"z":-6.905202865600586},"rotation":{"x":-0.026983045041561128,"y":0.8435649871826172,"z":-0.5346566438674927,"w":-0.04257286712527275},"size":22.0,"orthographic":false}