{"cameraMode":{"drawMode":0,"name":"Shaded","section":"Shading Mode"},"sceneLighting":false,"audioPlay":false,"sceneViewState":{"showFog":true,"showMaterialUpdate":false,"showSkybox":true,"showFlares":true,"showImageEffects":true,"showParticleSystems":true},"in2DMode":false,"pivot":{"x":-0.4326759874820709,"y":-0.5012252330780029,"z":0.23832213878631593},"rotation":{"x":-0.27922919392585757,"y":0.6356784105300903,"z":-0.26532498002052309,"w":-0.668989360332489},"size":2.203136444091797,"orthographic":false}