{"cameraMode":{"drawMode":0,"name":"Shaded","section":"Shading Mode"},"sceneLighting":false,"audioPlay":false,"sceneViewState":{"showFog":true,"showMaterialUpdate":false,"showSkybox":true,"showFlares":true,"showImageEffects":true,"showParticleSystems":true},"in2DMode":false,"pivot":{"x":0.43547606468200686,"y":1.7759733200073243,"z":0.5080199241638184},"rotation":{"x":-0.1393560916185379,"y":0.8605080842971802,"z":-0.35462889075279238,"w":-0.3381478786468506},"size":7.0949788093566898,"orthographic":false}