{"cameraMode":{"drawMode":0,"name":"Shaded","section":"Shading Mode"},"sceneLighting":false,"audioPlay":false,"sceneViewState":{"showFog":true,"showMaterialUpdate":false,"showSkybox":true,"showFlares":true,"showImageEffects":true,"showParticleSystems":true},"in2DMode":false,"pivot":{"x":-1.3383015394210816,"y":-7.653500080108643,"z":-13.417824745178223},"rotation":{"x":-0.01746416836977005,"y":0.9599410891532898,"z":-0.2728228271007538,"w":-0.06144808232784271},"size":22.0,"orthographic":false}