{"cameraMode":{"drawMode":0,"name":"Shaded","section":"Shading Mode"},"sceneLighting":true,"audioPlay":false,"sceneViewState":{"showFog":true,"showMaterialUpdate":false,"showSkybox":true,"showFlares":true,"showImageEffects":true,"showParticleSystems":true},"in2DMode":false,"pivot":{"x":17.510114669799806,"y":6.754029750823975,"z":-20.274662017822267},"rotation":{"x":-0.05671663209795952,"y":-0.4332590401172638,"z":0.02733157016336918,"w":-0.899067759513855},"size":88.72295379638672,"orthographic":false}