{"cameraMode":{"drawMode":0,"name":"Shaded","section":"Shading Mode"},"sceneLighting":false,"audioPlay":false,"sceneViewState":{"showFog":true,"showMaterialUpdate":false,"showSkybox":true,"showFlares":true,"showImageEffects":true,"showParticleSystems":true},"in2DMode":false,"pivot":{"x":0.34028100967407229,"y":-0.8368152379989624,"z":-0.01573503017425537},"rotation":{"x":-0.05671663209795952,"y":-0.4332590401172638,"z":0.02733157016336918,"w":-0.899067759513855},"size":5.9348225593566898,"orthographic":false}