{"cameraMode":{"drawMode":0,"name":"Shaded","section":"Shading Mode"},"sceneLighting":false,"audioPlay":false,"sceneViewState":{"showFog":true,"showMaterialUpdate":false,"showSkybox":true,"showFlares":true,"showImageEffects":true,"showParticleSystems":true},"in2DMode":false,"pivot":{"x":0.00764697790145874,"y":-0.4496021866798401,"z":0.18476897478103639},"rotation":{"x":-0.5749614834785461,"y":0.1203831359744072,"z":-0.08601487427949906,"w":-0.8046916723251343},"size":4.758472442626953,"orthographic":false}