{"cameraMode":{"drawMode":0,"name":"Shaded","section":"Shading Mode"},"sceneLighting":false,"audioPlay":false,"sceneViewState":{"showFog":true,"showMaterialUpdate":false,"showSkybox":true,"showFlares":true,"showImageEffects":true,"showParticleSystems":true},"in2DMode":false,"pivot":{"x":0.34028100967407229,"y":-0.8368152379989624,"z":-0.01573503017425537},"rotation":{"x":-0.5749614834785461,"y":0.1203831359744072,"z":-0.08601487427949906,"w":-0.8046916723251343},"size":5.9348225593566898,"orthographic":false}