{"cameraMode":{"drawMode":0,"name":"Shaded","section":"Shading Mode"},"sceneLighting":false,"audioPlay":false,"sceneViewState":{"showFog":true,"showMaterialUpdate":false,"showSkybox":true,"showFlares":true,"showImageEffects":true,"showParticleSystems":true},"in2DMode":false,"pivot":{"x":-1.2372651100158692,"y":-8.288341522216797,"z":0.1600133180618286},"rotation":{"x":-0.013790096156299115,"y":0.7618277072906494,"z":-0.6474297046661377,"w":-0.01622646674513817},"size":12.85486888885498,"orthographic":false}