{"cameraMode":{"drawMode":0,"name":"Shaded","section":"Shading Mode"},"sceneLighting":false,"audioPlay":false,"sceneViewState":{"showFog":true,"showMaterialUpdate":false,"showSkybox":true,"showFlares":true,"showImageEffects":true,"showParticleSystems":true},"in2DMode":false,"pivot":{"x":0.005259990692138672,"y":-1.050330400466919,"z":-0.16975009441375733},"rotation":{"x":-0.5749614834785461,"y":0.1203831359744072,"z":-0.08601487427949906,"w":-0.8046916723251343},"size":7.462845802307129,"orthographic":false}