{"cameraMode":{"drawMode":0,"name":"Shaded","section":"Shading Mode"},"sceneLighting":false,"audioPlay":false,"sceneViewState":{"showFog":true,"showMaterialUpdate":false,"showSkybox":true,"showFlares":true,"showImageEffects":true,"showParticleSystems":true},"in2DMode":false,"pivot":{"x":5.479002475738525,"y":7.926705360412598,"z":18.319950103759767},"rotation":{"x":0.09868589043617249,"y":-0.9008364081382752,"z":0.28310906887054446,"w":0.31401294469833376},"size":0.6928507685661316,"orthographic":false}