{"cameraMode":{"drawMode":0,"name":"Shaded","section":"Shading Mode"},"sceneLighting":false,"audioPlay":false,"sceneViewState":{"showFog":true,"showMaterialUpdate":false,"showSkybox":true,"showFlares":true,"showImageEffects":true,"showParticleSystems":true},"in2DMode":false,"pivot":{"x":0.000010013580322265625,"y":-0.010457456111907959,"z":-0.495658814907074},"rotation":{"x":-0.5749614834785461,"y":0.1203831359744072,"z":-0.08601487427949906,"w":-0.8046916723251343},"size":8.925814628601075,"orthographic":false}