{"cameraMode":{"drawMode":0,"name":"Shaded","section":"Shading Mode"},"sceneLighting":false,"audioPlay":false,"sceneViewState":{"showFog":true,"showMaterialUpdate":false,"showSkybox":true,"showFlares":true,"showImageEffects":true,"showParticleSystems":true},"in2DMode":false,"pivot":{"x":-0.06196238473057747,"y":0.614797830581665,"z":-0.7944347858428955},"rotation":{"x":-0.4057519733905792,"y":-0.019191185012459756,"z":0.00852223951369524,"w":-0.9137420058250427},"size":0.6655813455581665,"orthographic":false}