{"cameraMode":{"drawMode":0,"name":"Shaded","section":"Shading Mode"},"sceneLighting":false,"audioPlay":false,"sceneViewState":{"showFog":true,"showMaterialUpdate":false,"showSkybox":true,"showFlares":true,"showImageEffects":true,"showParticleSystems":true},"in2DMode":false,"pivot":{"x":0.0,"y":-0.5881741642951965,"z":-0.15829962491989137},"rotation":{"x":-0.5749614834785461,"y":0.1203831359744072,"z":-0.08601487427949906,"w":-0.8046916723251343},"size":4.904314041137695,"orthographic":false}